,,,,,,,RESPONSE OPTIONS (AND AVAILABLE TEXT),,,,,,,,,,,,,,,,,,,,
CATEGORY,CAPABILITY,TYPE OF QUESTION,QUESTION NUMBER (TYPE),QUESTION NUMBER (OVERALL),QUESTION,ACCOMPANYING STATEMENT,Score,Text,Score,Text,Score,Text,Score,Text,Score,Text,Score,Text,,,,,,,,,
Sets Purpose,Inspires Others,Likert Question,1,1,“Which of the following descriptions best represents you?”,,0,Always prefer to allow others to build their own sense of purpose,1,Usually prefer to allow others to build their own sense of purpose,2,Occasionally prefer to allow others to build their own sense of purpose.,3,Occasionally prefer to build a shared sense of purpose with others.,4,Usually prefer to build a shared sense of purpose with others.,5,Always prefer to build a shared sense of purpose with others.,,,,,,,,,
Sets Purpose,Inspires Others,Likert Question,2,2,“Which of the following descriptions best represents you?”,,0,Always prefer to discuss the  present day reality.,1,Usually prefer to discuss business as usual matters.,2,Occasionally prefer to discuss business as usual matters.,3,Occasionally prefer to discuss the possibilities for the future. ,4,Usually prefer to discuss the possibilities for the future. ,5,Always prefer to discuss the possibilities for the future.,,,,,,,,,
Sets Purpose,Inspires Others,Self-Rated Items,1,3,"On a scale of 0 to 5 with 1 being 'Strongly Disagree' and 5 being 'Strongly Agree,' how would you rate yourself on the following item.",I effectively inspire others to align to a shared purpose.,0,"Strongly Disagree
",1,"Somewhat Disagree
",2,"Mildly Disagree
",3,"Mildly Agree
",4,"Somewhat Agree
",5,"Strongly Agree
",,,,,,,,,
Sets Purpose,Inspires Others,Self-Rated Items,2,4,"On a scale of 0 to 5 with 1 being 'Strongly Disagree' and 5 being 'Strongly Agree,' how would you rate yourself on the following item.",I effectively articulate a compelling vision of the future.,0,"Strongly Disagree
",1,"Somewhat Disagree
",2,"Mildly Disagree
",3,"Mildly Agree
",4,"Somewhat Agree
",5,"Strongly Agree
",,,,,,,,,
Sets Purpose,Inspires Others,Other Rater Items,1,5,"On a scale of 0 to 5 with 1 being 'Strongly Disagree' and 5 being 'Strongly Agree,' how would you rate [candidate's name] on the following items.",Effectively inspires others to align to a shared purpose. ,0,"Strongly Disagree
",1,"Somewhat Disagree
",2,"Mildly Disagree
",3,"Mildly Agree
",4,"Somewhat Agree
",5,"Strongly Agree
",,,,,,,,,
Sets Purpose,Inspires Others,Other Rater Items,2,6,"On a scale of 0 to 5 with 1 being 'Strongly Disagree' and 5 being 'Strongly Agree,' how would you rate [candidate's name] on the following items.",Effectively articulates a compelling vision of the future,0,"Strongly Disagree
",1,"Somewhat Disagree
",2,"Mildly Disagree
",3,"Mildly Agree
",4,"Somewhat Agree
",5,"Strongly Agree
",,,,,,,,,
Sets Purpose,Communicates Clarity,Likert Question,3,7,“Which of the following descriptions best represents you?”,,0,Always prefer to give others the space to do the communicating,1,Usually prefer to give others the space to do the communicating,2,Occasionally prefer to give others the space to do the communicating,3,Occasionally prefer to do the communicating with other groups,4,Usually prefer to do the communicating with other groups,5,Always prefer to do the communicating with other groups,,,,,,,,,
Sets Purpose,Communicates Clarity,Likert Question,4,8,“Which of the following descriptions best represents you?”,,0,Always rely on others to seek clarity from myself or others in group communication.,1,Generally prefer to answer questions others have to clarify understanding when communicating.,2,Occasionally prefer to answer questions others have to clarify understanding when communicating.,3,Occasionally prefer to ask questions to ensure there is shared understanding when communicating.,4,Generally prefer to ask questions to ensure there is shared understanding when communicating.,5,Always prefer to ask questions to ensure there is shared understanding when communicating.,,,,,,,,,
Sets Purpose,Communicates Clarity,Self-Rated Items,3,9,"On a scale of 0 to 5 with 1 being 'Strongly Disagree' and 5 being 'Strongly Agree,' how would you rate yourself on the following item.",I consistently articulate a clear message when communicating with others.,0,"Strongly Disagree
",1,"Somewhat Disagree
",2,"Mildly Disagree
",3,"Mildly Agree
",4,"Somewhat Agree
",5,"Strongly Agree
",,,,,,,,,
Sets Purpose,Communicates Clarity,Self-Rated Items,4,10,"On a scale of 0 to 5 with 1 being 'Strongly Disagree' and 5 being 'Strongly Agree,' how would you rate yourself on the following item.",I consistently create shared understanding across diverse groups.,0,"Strongly Disagree
",1,"Somewhat Disagree
",2,"Mildly Disagree
",3,"Mildly Agree
",4,"Somewhat Agree
",5,"Strongly Agree
",,,,,,,,,
Sets Purpose,Communicates Clarity,Other Rater Items,3,11,"On a scale of 0 to 5 with 1 being 'Strongly Disagree' and 5 being 'Strongly Agree,' how would you rate [candidate's name] on the following items.",Consistently articulates a clear message when communicating with others.,0,"Strongly Disagree
",1,"Somewhat Disagree
",2,"Mildly Disagree
",3,"Mildly Agree
",4,"Somewhat Agree
",5,"Strongly Agree
",,,,,,,,,
Sets Purpose,Communicates Clarity,Other Rater Items,4,12,"On a scale of 0 to 5 with 1 being 'Strongly Disagree' and 5 being 'Strongly Agree,' how would you rate [candidate's name] on the following items.",Consistently creates shared understanding across diverse groups.,0,"Strongly Disagree
",1,"Somewhat Disagree
",2,"Mildly Disagree
",3,"Mildly Agree
",4,"Somewhat Agree
",5,"Strongly Agree
",,,,,,,,,
Sets Purpose,Moves Data to Action,Cognitive Assessment,1,13,Ahmed has twice as much as Patrick. Kenji has half-as much as Sophie. Sophie has $16 less than Ahmed. Patrick has $23 less than John who has $205. How much money does Kenji have? (refer to questions tab for more details - 1),,0,Any wrong answer,1,,2,,3,,4,,5,184,,,,,,,,,
Sets Purpose,Moves Data to Action,Situational Judgement Task,1,14,"Your team has received an invitation to tender for a new project which will bring much needed revenue into your organisation. The company you will be working for is in a sector you are not familiar with and its current problems are ones which you only have a very surface level understanding of. However, given the tight timeframe your team leader has tasked you with pulling together the necessary information to complete the part of the tender that asks your company to demonstrate an understanding of why their current issues need to be resolved. How would you approach this?","After considering the following situation, which course of action would suit your approach best?",0,b) Have an honest discussion with your team and management about whether your company is in an appropriate position to undertake this work.,1,,2,c) Contact someone who has worked within the industry in a similar company to gain their insight and perspective.,3,a) Use your existing knowledge and analytic skills to flesh out the information provided by the client organisation about themselves and their problem.,4,"e) Pool together all available team resources to conduct in-depth research into the area, industry, history of event, current action, and where the clients company is positioned within this. Use this information to put together not only a current position statement but also propose some potential directions for addressing the issues.",5,"d) Conduct in-depth research into the background of the company, industry, and present issue to develop a clear story about the position of the organisation",,,,,,,,,
Sets Purpose,Moves Data to Action,Self-Rated Items,5,15,"On a scale of 0 to 5 with 1 being 'Strongly Disagree' and 5 being 'Strongly Agree,' how would you rate yourself on the following item.",I effectively develop cohesive stories from the analysis of data.,0,"Strongly Disagree
",1,"Somewhat Disagree
",2,"Mildly Disagree
",3,"Mildly Agree
",4,"Somewhat Agree
",5,"Strongly Agree
",,,,,,,,,
Sets Purpose,Moves Data to Action,Self-Rated Items,6,16,"On a scale of 0 to 5 with 1 being 'Strongly Disagree' and 5 being 'Strongly Agree,' how would you rate yourself on the following item.",I consistently use data to communicate a clear call to action.,0,"Strongly Disagree
",1,"Somewhat Disagree
",2,"Mildly Disagree
",3,"Mildly Agree
",4,"Somewhat Agree
",5,"Strongly Agree
",,,,,,,,,
Sets Purpose,Moves Data to Action,Other Rater Items,5,17,"On a scale of 0 to 5 with 1 being 'Strongly Disagree' and 5 being 'Strongly Agree,' how would you rate [candidate's name] on the following items.",Effectively develops cohesive stories from the analysis of data.,0,"Strongly Disagree
",1,"Somewhat Disagree
",2,"Mildly Disagree
",3,"Mildly Agree
",4,"Somewhat Agree
",5,"Strongly Agree
",,,,,,,,,
Sets Purpose,Moves Data to Action,Other Rater Items,6,18,"On a scale of 0 to 5 with 1 being 'Strongly Disagree' and 5 being 'Strongly Agree,' how would you rate [candidate's name] on the following items.",Consistently uses data to communicate a clear call to action.,0,"Strongly Disagree
",1,"Somewhat Disagree
",2,"Mildly Disagree
",3,"Mildly Agree
",4,"Somewhat Agree
",5,"Strongly Agree
",,,,,,,,,
Sets Purpose,Embraces Diversity,Personality Question,1,19,“Which of the following descriptions best represents you?”,,0,Like to be viewed as very proper and conventional.,1,Like to be viewed as somewhat proper and conventional.,2,Like to be viewed as a little proper and conventional.,3,Like to be viewed as a little alternative and unconventional.,4,Like to be viewed as somewhat alternative and unconventional.,5,Like to be viewed as very alternative and unconventional.,,,,,,,,,
Sets Purpose,Embraces Diversity,Likert Question,5,20,“Which of the following descriptions best represents you?”,,0,Always prefer to seek input form those already known to me. ,1,Generally prefer to seek input from those already known to me. ,2,Occasionally prefer to seek input from those already known to me. ,3,Occasionally prefer to seek the input from new and different people. ,4,Generally prefer to seek the input from new and different people. ,5,Always prefer to seek the input from new and different people. ,,,,,,,,,
Sets Purpose,Embraces Diversity,Self-Rated Items,7,21,"On a scale of 0 to 5 with 1 being 'Strongly Disagree' and 5 being 'Strongly Agree,' how would you rate yourself on the following item.",I effectively remove systemic barriers to inclusion and accessibility,0,"Strongly Disagree
",1,"Somewhat Disagree
",2,"Mildly Disagree
",3,"Mildly Agree
",4,"Somewhat Agree
",5,"Strongly Agree
",,,,,,,,,
Sets Purpose,Embraces Diversity,Self-Rated Items,8,22,"On a scale of 0 to 5 with 1 being 'Strongly Disagree' and 5 being 'Strongly Agree,' how would you rate yourself on the following item.",I consistently bring people of different backgrounds/perspectives to the table.,0,"Strongly Disagree
",1,"Somewhat Disagree
",2,"Mildly Disagree
",3,"Mildly Agree
",4,"Somewhat Agree
",5,"Strongly Agree
",,,,,,,,,
Sets Purpose,Embraces Diversity,Other Rater Items,7,23,"On a scale of 0 to 5 with 1 being 'Strongly Disagree' and 5 being 'Strongly Agree,' how would you rate [candidate's name] on the following items.",Effectively removes systemic barriers to inclusion and accessibility,0,"Strongly Disagree
",1,"Somewhat Disagree
",2,"Mildly Disagree
",3,"Mildly Agree
",4,"Somewhat Agree
",5,"Strongly Agree
",,,,,,,,,
Sets Purpose,Embraces Diversity,Other Rater Items,8,24,"On a scale of 0 to 5 with 1 being 'Strongly Disagree' and 5 being 'Strongly Agree,' how would you rate [candidate's name] on the following items.",Consistently brings people of different backgrounds/perspectives to the table.,0,"Strongly Disagree
",1,"Somewhat Disagree
",2,"Mildly Disagree
",3,"Mildly Agree
",4,"Somewhat Agree
",5,"Strongly Agree
",,,,,,,,,
Embraces Agility,Navigates Policies and People,Likert Question,6,25,“Which of the following descriptions best represents you?”,,0,Always prefer to circumvent a process or procedure if it isn't working,1,Usually prefer to circumvent a process or procedure if it isn't work,2,Occasionally prefer to circumvent a process or procedure if it isn't work,3,Occasionally prefer to change a process or procedure if it isn't work,4,Usually prefer to change a process or procedure if it isn't work,5,Always prefer to change a process or procedure if it isn't working,,,,,,,,,
Embraces Agility,Navigates Policies and People,Likert Question,7,26,“Which of the following descriptions best represents you?”,,0,Never seek support when making suggestions on how things should be done. ,1,Usually don't seek support when making suggestions on how things should be done. ,2,Occasionally don't seek support when making suggestions on how things should be done. ,3,Occasionally seek support when making suggestions on how things should be done.,4,Usually seek support when making suggestions on how things should be done.,5,I always seek support when making suggestions on how things should be done.,,,,,,,,,
Embraces Agility,Navigates Policies and People,Self-Rated Items,9,27,"On a scale of 0 to 5 with 1 being 'Strongly Disagree' and 5 being 'Strongly Agree,' how would you rate yourself on the following item.",I effectively navigate policies and processes to achieve objectives.,0,"Strongly Disagree
",1,"Somewhat Disagree
",2,"Mildly Disagree
",3,"Mildly Agree
",4,"Somewhat Agree
",5,"Strongly Agree
",,,,,,,,,
Embraces Agility,Navigates Policies and People,Self-Rated Items,10,28,"On a scale of 0 to 5 with 1 being 'Strongly Disagree' and 5 being 'Strongly Agree,' how would you rate yourself on the following item.",I tactfully navigate people dynamics to achieve objectives.,0,"Strongly Disagree
",1,"Somewhat Disagree
",2,"Mildly Disagree
",3,"Mildly Agree
",4,"Somewhat Agree
",5,"Strongly Agree
",,,,,,,,,
Embraces Agility,Navigates Policies and People,Other Rater Items,9,29,"On a scale of 0 to 5 with 1 being 'Strongly Disagree' and 5 being 'Strongly Agree,' how would you rate [candidate's name] on the following items.",Effectively navigates policies and processes to achieve objectives.,0,"Strongly Disagree
",1,"Somewhat Disagree
",2,"Mildly Disagree
",3,"Mildly Agree
",4,"Somewhat Agree
",5,"Strongly Agree
",,,,,,,,,
Embraces Agility,Navigates Policies and People,Other Rater Items,10,30,"On a scale of 0 to 5 with 1 being 'Strongly Disagree' and 5 being 'Strongly Agree,' how would you rate [candidate's name] on the following items.",Tactfully navigates people dynamics to achieve objectives.,0,"Strongly Disagree
",1,"Somewhat Disagree
",2,"Mildly Disagree
",3,"Mildly Agree
",4,"Somewhat Agree
",5,"Strongly Agree
",,,,,,,,,
Embraces Agility,Thrives in Chaos,Personality Question,2,31,“Which of the following descriptions best represents you?”,,0,Always enjoy order and regularity.,1,Usually enjoy order and regularity.,2,Occasionally enjoy order and regularity.,3,Occasionally enjoy change and novelty.,4,Usually enjoy change and novelty.,5,Always enjoy change and novelty.,,,,,,,,,
Embraces Agility,Thrives in Chaos,Likert Question,8,32,“Which of the following descriptions best represents you?”,,0,Always prefer to apply tried and tested models of work to different situations.,1,Usually prefer to apply tried and tested models of work to different situations.,2,Occasionally prefer to apply tried and tested models of work to different situations.,3,Occasionally prefer to allow the situation to determine my model of work. ,4,Generally prefer to allow the situation to determine my model of work. ,5,Always prefer to allow the situation to determine my model of work. ,,,,,,,,,
Embraces Agility,Thrives in Chaos,Self-Rated Items,11,33,"On a scale of 0 to 5 with 1 being 'Strongly Disagree' and 5 being 'Strongly Agree,' how would you rate yourself on the following item.",I comfortably shift gears as situations/priorities shift.,0,"Strongly Disagree
",1,"Somewhat Disagree
",2,"Mildly Disagree
",3,"Mildly Agree
",4,"Somewhat Agree
",5,"Strongly Agree
",,,,,,,,,
Embraces Agility,Thrives in Chaos,Self-Rated Items,12,34,"On a scale of 0 to 5 with 1 being 'Strongly Disagree' and 5 being 'Strongly Agree,' how would you rate yourself on the following item.",I quickly adjust own behaviour in light of new information. ,0,"Strongly Disagree
",1,"Somewhat Disagree
",2,"Mildly Disagree
",3,"Mildly Agree
",4,"Somewhat Agree
",5,"Strongly Agree
",,,,,,,,,
Embraces Agility,Thrives in Chaos,Other Rater Items,11,35,"On a scale of 0 to 5 with 1 being 'Strongly Disagree' and 5 being 'Strongly Agree,' how would you rate [candidate's name] on the following items.",Comfortably shifts gears as situations/priorities shift.,0,"Strongly Disagree
",1,"Somewhat Disagree
",2,"Mildly Disagree
",3,"Mildly Agree
",4,"Somewhat Agree
",5,"Strongly Agree
",,,,,,,,,
Embraces Agility,Thrives in Chaos,Other Rater Items,12,36,"On a scale of 0 to 5 with 1 being 'Strongly Disagree' and 5 being 'Strongly Agree,' how would you rate [candidate's name] on the following items.",Quickly adjusts own behaviour in light of new information. ,0,"Strongly Disagree
",1,"Somewhat Disagree
",2,"Mildly Disagree
",3,"Mildly Agree
",4,"Somewhat Agree
",5,"Strongly Agree
",,,,,,,,,
Embraces Agility,Leads and Embraces Change,Likert Question,9,37,“Which of the following descriptions best represents you?”,,0,Always end up lending support to the change projects of others.,1,Generally end up lending support to the change projects of others.,2,Occasionally end up lending support to the change projects of others.,3,Occasionally end up planning and running change projects that I am involved in.,4,Generally end up planning and running change projects that I am involved in.,5,Always end up planning and running change projects that I am involved in.,,,,,,,,,
Embraces Agility,Leads and Embraces Change,Likert Question,10,38,“Which of the following descriptions best represents you?”,,0,Always prefer others to identify improvements to existing processes and practises.,1,Generally prefer others to identify improvements to existing processes and practices.,2,Occasionally prefer others to identify improvements to existing processes and practices.,3,Occasionally prefer to look for ways to improve existing processes and practices.,4,Generally prefer to look for ways to improve existing processes and practices.,5,Always prefer to look for ways to improve existing processes and practises.,,,,,,,,,
Embraces Agility,Leads and Embraces Change,Self-Rated Items,13,39,"On a scale of 0 to 5 with 1 being 'Strongly Disagree' and 5 being 'Strongly Agree,' how would you rate yourself on the following item.",I consistently drive change in response to opportunities. ,0,"Strongly Disagree
",1,"Somewhat Disagree
",2,"Mildly Disagree
",3,"Mildly Agree
",4,"Somewhat Agree
",5,"Strongly Agree
",,,,,,,,,
Embraces Agility,Leads and Embraces Change,Self-Rated Items,14,40,"On a scale of 0 to 5 with 1 being 'Strongly Disagree' and 5 being 'Strongly Agree,' how would you rate yourself on the following item.",I effectively remove barriers to change. ,0,"Strongly Disagree
",1,"Somewhat Disagree
",2,"Mildly Disagree
",3,"Mildly Agree
",4,"Somewhat Agree
",5,"Strongly Agree
",,,,,,,,,
Embraces Agility,Leads and Embraces Change,Other Rater Items,13,41,"On a scale of 0 to 5 with 1 being 'Strongly Disagree' and 5 being 'Strongly Agree,' how would you rate [candidate's name] on the following items.",Consistently drives change in response to opportunities. ,0,"Strongly Disagree
",1,"Somewhat Disagree
",2,"Mildly Disagree
",3,"Mildly Agree
",4,"Somewhat Agree
",5,"Strongly Agree
",,,,,,,,,
Embraces Agility,Leads and Embraces Change,Other Rater Items,14,42,"On a scale of 0 to 5 with 1 being 'Strongly Disagree' and 5 being 'Strongly Agree,' how would you rate [candidate's name] on the following items.",Effectively removes barriers to change. ,0,"Strongly Disagree
",1,"Somewhat Disagree
",2,"Mildly Disagree
",3,"Mildly Agree
",4,"Somewhat Agree
",5,"Strongly Agree
",,,,,,,,,
Embraces Agility,Empowers Team Effectiveness,Likert Question,11,43,“Which of the following descriptions best represents you?”,,0,Always prefer to focus on supporting my own team to reach our goals. ,1,Generally prefer to focus on supporting my own team to reach our goals. ,2,Occasionally prefer to focus on supporting my own team to reach our goals. ,3,Occasionally prefer to share work and solutions with other teams. ,4,Generally prefer to share work and solutions with other teams. ,5,Always prefer to share work and solutions with other teams. ,,,,,,,,,
Embraces Agility,Empowers Team Effectiveness,Likert Question,12,44,“Which of the following descriptions best represents you?”,,0,Always prefer to support individuals in holding themselves to account. ,1,Generally prefer to support individuals in holding themselves to account. ,2,Occasionally prefer to support individuals in holding themselves to account. ,3,Occasionally prefer to set up clear accountability within my team. ,4,Generally prefer to set up clear accountability within my team. ,5,Always prefer to set up clear accountability within my team.,,,,,,,,,
Embraces Agility,Empowers Team Effectiveness,Self-Rated Items,15,45,"On a scale of 0 to 5 with 1 being 'Strongly Disagree' and 5 being 'Strongly Agree,' how would you rate yourself on the following item.",I effectively build networks of teams with a common mission.,0,"Strongly Disagree
",1,"Somewhat Disagree
",2,"Mildly Disagree
",3,"Mildly Agree
",4,"Somewhat Agree
",5,"Strongly Agree
",,,,,,,,,
Embraces Agility,Empowers Team Effectiveness,Self-Rated Items,16,46,"On a scale of 0 to 5 with 1 being 'Strongly Disagree' and 5 being 'Strongly Agree,' how would you rate yourself on the following item.",I effectively empower team/s to achieve results aligned to the organization's objectives.,0,"Strongly Disagree
",1,"Somewhat Disagree
",2,"Mildly Disagree
",3,"Mildly Agree
",4,"Somewhat Agree
",5,"Strongly Agree
",,,,,,,,,
Embraces Agility,Empowers Team Effectiveness,Other Rater Items,15,47,"On a scale of 0 to 5 with 1 being 'Strongly Disagree' and 5 being 'Strongly Agree,' how would you rate [candidate's name] on the following items.",Effectively builds networks of teams with a common mission.,0,"Strongly Disagree
",1,"Somewhat Disagree
",2,"Mildly Disagree
",3,"Mildly Agree
",4,"Somewhat Agree
",5,"Strongly Agree
",,,,,,,,,
Embraces Agility,Empowers Team Effectiveness,Other Rater Items,16,48,"On a scale of 0 to 5 with 1 being 'Strongly Disagree' and 5 being 'Strongly Agree,' how would you rate [candidate's name] on the following items.",Effectively empowers team/s to achieve results aligned to the organization's objectives.,0,"Strongly Disagree
",1,"Somewhat Disagree
",2,"Mildly Disagree
",3,"Mildly Agree
",4,"Somewhat Agree
",5,"Strongly Agree
",,,,,,,,,
Embraces Agility,Plans for the Future,Personality Question,3,49,“Which of the following descriptions best represents you?”,,0,Always prefer to act in response to each situation.,1,Usually prefer to act in response to each situation.,2,Occasionally prefer to act in response to each situation.,3,Occasionally prefer to do things according to a plan.,4,Usually prefer to do things according to a plan.,5,Always prefer to do things according to a plan.,,,,,,,,,
Embraces Agility,Plans for the Future,Likert Question,13,50,“Which of the following descriptions best represents you?”,,0,Always rely on the forecasting and trend analysis of others.,1,Generally rely on the forecasting and trend analysis of others.,2,Occasionally rely on the forecasting and trend analysis of others.,3,Occasionally able to analyze the environment to anticipate emerging trends.,4,Generally able to analyze the environment to anticipate emerging trends.,5,Always able to analyze the environment to anticipate emerging trends.,,,,,,,,,
Embraces Agility,Plans for the Future,Self-Rated Items,17,51,"On a scale of 0 to 5 with 1 being 'Strongly Disagree' and 5 being 'Strongly Agree,' how would you rate yourself on the following item.",I proactively analyse the environment to anticipate emerging trends.,0,"Strongly Disagree
",1,"Somewhat Disagree
",2,"Mildly Disagree
",3,"Mildly Agree
",4,"Somewhat Agree
",5,"Strongly Agree
",,,,,,,,,
Embraces Agility,Plans for the Future,Self-Rated Items,18,52,"On a scale of 0 to 5 with 1 being 'Strongly Disagree' and 5 being 'Strongly Agree,' how would you rate yourself on the following item.",I develop strategies that accurately anticipate future organizational needs.,0,"Strongly Disagree
",1,"Somewhat Disagree
",2,"Mildly Disagree
",3,"Mildly Agree
",4,"Somewhat Agree
",5,"Strongly Agree
",,,,,,,,,
Embraces Agility,Plans for the Future,Other Rater Items,17,53,"On a scale of 0 to 5 with 1 being 'Strongly Disagree' and 5 being 'Strongly Agree,' how would you rate [candidate's name] on the following items.",Proactively analyses the environment to anticipate emerging trends.,0,"Strongly Disagree
",1,"Somewhat Disagree
",2,"Mildly Disagree
",3,"Mildly Agree
",4,"Somewhat Agree
",5,"Strongly Agree
",,,,,,,,,
Embraces Agility,Plans for the Future,Other Rater Items,18,54,"On a scale of 0 to 5 with 1 being 'Strongly Disagree' and 5 being 'Strongly Agree,' how would you rate [candidate's name] on the following items.",Develops strategies that accurately anticipate future organizational needs.,0,"Strongly Disagree
",1,"Somewhat Disagree
",2,"Mildly Disagree
",3,"Mildly Agree
",4,"Somewhat Agree
",5,"Strongly Agree
",,,,,,,,,
Develops Relationships,Creates Alliances,Personality Question,4,55,“Which of the following descriptions best represents you?”,,0,Always prefer to help others function independently.,1,Usually prefer to help others function independently.,2,Occasionally prefer to help others function independently.,3,Occasionally prefer to involve others in what I am doing.,4,Usually prefer to involve others in what I am doing.,5,Always prefer to involve others in what I am doing.,,,,,,,,,
Develops Relationships,Creates Alliances,Likert Question,14,56,“Which of the following descriptions best represents you?”,,0,Always value competition over cooperation.,1,Generally value competition over cooperation.,2,Occasionally value competition over cooperation.,3,Occasionally value cooperation over competition.,4,Generally value cooperation over competition.,5,Always value cooperation over competition.,,,,,,,,,
Develops Relationships,Creates Alliances,Self-Rated Items,19,57,"On a scale of 0 to 5 with 1 being 'Strongly Disagree' and 5 being 'Strongly Agree,' how would you rate yourself on the following item.",I establish close on-going relationships with key partners. ,0,"Strongly Disagree
",1,"Somewhat Disagree
",2,"Mildly Disagree
",3,"Mildly Agree
",4,"Somewhat Agree
",5,"Strongly Agree
",,,,,,,,,
Develops Relationships,Creates Alliances,Self-Rated Items,20,58,"On a scale of 0 to 5 with 1 being 'Strongly Disagree' and 5 being 'Strongly Agree,' how would you rate yourself on the following item.",I consistently bring people together to work on opportunities.,0,"Strongly Disagree
",1,"Somewhat Disagree
",2,"Mildly Disagree
",3,"Mildly Agree
",4,"Somewhat Agree
",5,"Strongly Agree
",,,,,,,,,
Develops Relationships,Creates Alliances,Other Rater Items,19,59,"On a scale of 0 to 5 with 1 being 'Strongly Disagree' and 5 being 'Strongly Agree,' how would you rate [candidate's name] on the following items.",Establishes close on-going relationships with key partners. ,0,"Strongly Disagree
",1,"Somewhat Disagree
",2,"Mildly Disagree
",3,"Mildly Agree
",4,"Somewhat Agree
",5,"Strongly Agree
",,,,,,,,,
Develops Relationships,Creates Alliances,Other Rater Items,20,60,"On a scale of 0 to 5 with 1 being 'Strongly Disagree' and 5 being 'Strongly Agree,' how would you rate [candidate's name] on the following items.",Consistently brings people together to work on opportunities.,0,"Strongly Disagree
",1,"Somewhat Disagree
",2,"Mildly Disagree
",3,"Mildly Agree
",4,"Somewhat Agree
",5,"Strongly Agree
",,,,,,,,,
Develops Relationships,Demonstrates Empathy,Personality Question,5,61,“Which of the following descriptions best represents you?”,,0,Never feel sympathy for those who are worse off than myself.,1,Generally don't feel sympathy for those who are worse off than myself.,2,Occasionally don't feel sympathy for those who are worse off than myself.,3,Occasionally feel sympathy for those who are worse off than myself.,4,Generally feel sympathy for those who are worse off than myself.,5,Always feel sympathy for those who are worse off than myself.,,,,,,,,,
Develops Relationships,Demonstrates Empathy,Likert Question,15,62,“Which of the following descriptions best represents you?”,,0,Never find myself going out of my way to make people feel welcome.,1,Generally don't find myself going out of my way to make people feel welcome.,2,Occasionally don't find myself going out of my way to make people feel welcome.,3,Occasionally go out of my way to make people feel welcome.,4,Generally go out of my way to make people feel welcome.,5,Always go out of my way to make people feel welcome.,,,,,,,,,
Develops Relationships,Demonstrates Empathy,Self-Rated Items,21,63,"On a scale of 0 to 5 with 1 being 'Strongly Disagree' and 5 being 'Strongly Agree,' how would you rate yourself on the following item.",I consistently demonstrate empathy for others.,0,"Strongly Disagree
",1,"Somewhat Disagree
",2,"Mildly Disagree
",3,"Mildly Agree
",4,"Somewhat Agree
",5,"Strongly Agree
",,,,,,,,,
Develops Relationships,Demonstrates Empathy,Self-Rated Items,22,64,"On a scale of 0 to 5 with 1 being 'Strongly Disagree' and 5 being 'Strongly Agree,' how would you rate yourself on the following item.",I create safe spaces for others to share perspectives without judgement. ,0,"Strongly Disagree
",1,"Somewhat Disagree
",2,"Mildly Disagree
",3,"Mildly Agree
",4,"Somewhat Agree
",5,"Strongly Agree
",,,,,,,,,
Develops Relationships,Demonstrates Empathy,Other Rater Items,21,65,"On a scale of 0 to 5 with 1 being 'Strongly Disagree' and 5 being 'Strongly Agree,' how would you rate [candidate's name] on the following items.",Consistently demonstrates empathy for others.,0,"Strongly Disagree
",1,"Somewhat Disagree
",2,"Mildly Disagree
",3,"Mildly Agree
",4,"Somewhat Agree
",5,"Strongly Agree
",,,,,,,,,
Develops Relationships,Demonstrates Empathy,Other Rater Items,22,66,"On a scale of 0 to 5 with 1 being 'Strongly Disagree' and 5 being 'Strongly Agree,' how would you rate [candidate's name] on the following items.",Creates safe spaces for others to share perspectives without judgement. ,0,"Strongly Disagree
",1,"Somewhat Disagree
",2,"Mildly Disagree
",3,"Mildly Agree
",4,"Somewhat Agree
",5,"Strongly Agree
",,,,,,,,,
Develops Relationships,Influences Responsibly,Personality Question,6,67,“Which of the following descriptions best represents you?”,,0,I feel very uncomfortable utilizing others to achieve goals,1,I feel somewhat uncomfortable utilizing others to achieve goals,2,I feel a little bit uncomfortable utilizing others to achieve goals,3,I feel a little bit comfortable utilizing others to achieve goals,4,I feel somewhat comfortable utilizing others to achieve goals,5,I feel very comfortable utilizing others achieve goals,,,,,,,,,
Develops Relationships,Influences Responsibly,Personality Question,7,68,“Which of the following descriptions best represents you?”,,0,Do not understand how to captivate people,1,Have a little bit of an understanding of how to captivate people,2,Have some understanding of how to captivate people,3,Have a moderate understanding of how to captivate people,4,Understanding of how to captivate people,5,Strongly understand how to captivate people,,,,,,,,,
Develops Relationships,Influences Responsibly,Likert Question,16,69,“Which of the following descriptions best represents you?”,,0,Never understand the drivers and motivations of others.,1,Generally don't understand the drivers and motivations of others.,2,Occasionally don't understand the drivers and motivations of others.,3,Occasionally able to understand the drivers and motivations of others.,4,Generally able to understand the drivers and motivations of others.,5,Always able to understand the drivers and motivations of others.,,,,,,,,,
Develops Relationships,Influences Responsibly,Self-Rated Items,23,70,"On a scale of 0 to 5 with 1 being 'Strongly Disagree' and 5 being 'Strongly Agree,' how would you rate yourself on the following item.",I effectively build followership to advance organizational objectives. ,0,"Strongly Disagree
",1,"Somewhat Disagree
",2,"Mildly Disagree
",3,"Mildly Agree
",4,"Somewhat Agree
",5,"Strongly Agree
",,,,,,,,,
Develops Relationships,Influences Responsibly,Self-Rated Items,24,71,"On a scale of 0 to 5 with 1 being 'Strongly Disagree' and 5 being 'Strongly Agree,' how would you rate yourself on the following item.",I consistently influence others in an ethical manner.,0,"Strongly Disagree
",1,"Somewhat Disagree
",2,"Mildly Disagree
",3,"Mildly Agree
",4,"Somewhat Agree
",5,"Strongly Agree
",,,,,,,,,
Develops Relationships,Influences Responsibly,Other Rater Items,23,72,"On a scale of 0 to 5 with 1 being 'Strongly Disagree' and 5 being 'Strongly Agree,' how would you rate [candidate's name] on the following items.",Effectively builds followership to advance organizational objectives. ,0,"Strongly Disagree
",1,"Somewhat Disagree
",2,"Mildly Disagree
",3,"Mildly Agree
",4,"Somewhat Agree
",5,"Strongly Agree
",,,,,,,,,
Develops Relationships,Influences Responsibly,Other Rater Items,24,73,"On a scale of 0 to 5 with 1 being 'Strongly Disagree' and 5 being 'Strongly Agree,' how would you rate [candidate's name] on the following items.",Consistently influences others in an ethical manner.,0,"Strongly Disagree
",1,"Somewhat Disagree
",2,"Mildly Disagree
",3,"Mildly Agree
",4,"Somewhat Agree
",5,"Strongly Agree
",,,,,,,,,
Develops Relationships,Focuses on Customers,Personality Question,8,74,“Which of the following descriptions best represents you?”,,0,Always find myself acting according to my own interests,1,Usually find myself acting based on my own interests,2,Occasionally find myself acting based on my own interests,3,Occasionally take others interests into account,4,Usually take others interests into account,5,Always take others interests into account,,,,,,,,,
Develops Relationships,Focuses on Customers,Likert Question,17,75,“Which of the following descriptions best represents you?”,,0,Can never really anticipate the needs of others.,1,Generally not able to anticipate the needs of others.,2,Occasionally not able to anticipate the needs of others.,3,Occasionally able to anticipate the needs of others.,4,Generally able to anticipate the needs of others.,5,Always able to anticipate the needs of others.,,,,,,,,,
Develops Relationships,Focuses on Customers,Self-Rated Items,25,76,"On a scale of 0 to 5 with 1 being 'Strongly Disagree' and 5 being 'Strongly Agree,' how would you rate yourself on the following item.",I consistently act with the customer in mind.,0,"Strongly Disagree
",1,"Somewhat Disagree
",2,"Mildly Disagree
",3,"Mildly Agree
",4,"Somewhat Agree
",5,"Strongly Agree
",,,,,,,,,
Develops Relationships,Focuses on Customers,Self-Rated Items,26,77,"On a scale of 0 to 5 with 1 being 'Strongly Disagree' and 5 being 'Strongly Agree,' how would you rate yourself on the following item.",I consistently prioritize the co-creation of value across stakeholders.,0,"Strongly Disagree
",1,"Somewhat Disagree
",2,"Mildly Disagree
",3,"Mildly Agree
",4,"Somewhat Agree
",5,"Strongly Agree
",,,,,,,,,
Develops Relationships,Focuses on Customers,Other Rater Items,25,78,"On a scale of 0 to 5 with 1 being 'Strongly Disagree' and 5 being 'Strongly Agree,' how would you rate [candidate's name] on the following items.",Consistently acts with the customer in mind.,0,"Strongly Disagree
",1,"Somewhat Disagree
",2,"Mildly Disagree
",3,"Mildly Agree
",4,"Somewhat Agree
",5,"Strongly Agree
",,,,,,,,,
Develops Relationships,Focuses on Customers,Other Rater Items,26,79,"On a scale of 0 to 5 with 1 being 'Strongly Disagree' and 5 being 'Strongly Agree,' how would you rate [candidate's name] on the following items.",Consistently prioritizes the co-creation of value across stakeholders.,0,"Strongly Disagree
",1,"Somewhat Disagree
",2,"Mildly Disagree
",3,"Mildly Agree
",4,"Somewhat Agree
",5,"Strongly Agree
",,,,,,,,,
Develops Relationships,Resolves Conflicts,Personality Question,9,80,“Which of the following descriptions best represents you?”,,0,Always find it quite difficult to forgive and forget,1,Generally find it difficult to forgive and forget,2,Occasionally find it difficult to forgive and forget,3,Occasionally find it easy to forgive and forget,4,Generally find it easy to forgive and forget,5,Always find it easy to forgive and forget,,,,,,,,,
Develops Relationships,Resolves Conflicts,Likert Question,18,81,“Which of the following descriptions best represents you?”,,0,Always uncomfortable in dealing with confrontations.,1,Usually uncomfortable in dealing with confrontations.,2,Occasionally uncomfortable in dealing with confrontations.,3,Occasionally comfortable in dealing with confrontations.,4,Usually comfortable in dealing with confrontations.,5,Always comfortable in dealing with confrontations.,,,,,,,,,
Develops Relationships,Resolves Conflicts,Self-Rated Items,27,82,"On a scale of 0 to 5 with 1 being 'Strongly Disagree' and 5 being 'Strongly Agree,' how would you rate yourself on the following item.",I consistently read situations quickly to identify potential conflicts.,0,"Strongly Disagree
",1,"Somewhat Disagree
",2,"Mildly Disagree
",3,"Mildly Agree
",4,"Somewhat Agree
",5,"Strongly Agree
",,,,,,,,,
Develops Relationships,Resolves Conflicts,Self-Rated Items,28,83,"On a scale of 0 to 5 with 1 being 'Strongly Disagree' and 5 being 'Strongly Agree,' how would you rate yourself on the following item.",I effectively settle disputes in an equitable manner.,0,"Strongly Disagree
",1,"Somewhat Disagree
",2,"Mildly Disagree
",3,"Mildly Agree
",4,"Somewhat Agree
",5,"Strongly Agree
",,,,,,,,,
Develops Relationships,Resolves Conflicts,Other Rater Items,27,84,"On a scale of 0 to 5 with 1 being 'Strongly Disagree' and 5 being 'Strongly Agree,' how would you rate [candidate's name] on the following items.",Consistently reads situations quickly to identify potential conflicts.,0,"Strongly Disagree
",1,"Somewhat Disagree
",2,"Mildly Disagree
",3,"Mildly Agree
",4,"Somewhat Agree
",5,"Strongly Agree
",,,,,,,,,
Develops Relationships,Resolves Conflicts,Other Rater Items,28,85,"On a scale of 0 to 5 with 1 being 'Strongly Disagree' and 5 being 'Strongly Agree,' how would you rate [candidate's name] on the following items.",Effectively settles disputes in an equitable manner.,0,"Strongly Disagree
",1,"Somewhat Disagree
",2,"Mildly Disagree
",3,"Mildly Agree
",4,"Somewhat Agree
",5,"Strongly Agree
",,,,,,,,,
Achieves Excellence,Develops Talent,Likert Question,19,86,“Which of the following descriptions best represents you?”,,0,Always prefer to read easy material.,1,Usually prefer to read easy material.,2,Occasionally prefer to read easy material.,3,Occasionally prefer to read challenging material.,4,Usually prefer to read challenging material.,5,Always prefer to read challenging material.,,,,,,,,,
Achieves Excellence,Develops Talent,Likert Question,20,87,“Which of the following descriptions best represents you?”,,0,Always prefer others to work to their existing strengths.,1,Usually prefer others to work to their existing strengths.,2,Occasionally prefer others to work to their existing strengths.,3,Occasionally prefer to challenge others to push themselves further.,4,Usually prefer to challenge others to push themselves further.,5,Always prefer to challenge others to push themselves further.,,,,,,,,,
Achieves Excellence,Develops Talent,Self-Rated Items,29,88,"On a scale of 0 to 5 with 1 being 'Strongly Disagree' and 5 being 'Strongly Agree,' how would you rate yourself on the following item.",I actively seek personal development opportunities.,0,"Strongly Disagree
",1,"Somewhat Disagree
",2,"Mildly Disagree
",3,"Mildly Agree
",4,"Somewhat Agree
",5,"Strongly Agree
",,,,,,,,,
Achieves Excellence,Develops Talent,Self-Rated Items,30,89,"On a scale of 0 to 5 with 1 being 'Strongly Disagree' and 5 being 'Strongly Agree,' how would you rate yourself on the following item.",I consistently invest in the development of others (formal or informal),0,"Strongly Disagree
",1,"Somewhat Disagree
",2,"Mildly Disagree
",3,"Mildly Agree
",4,"Somewhat Agree
",5,"Strongly Agree
",,,,,,,,,
Achieves Excellence,Develops Talent,Other Rater Items,29,90,"On a scale of 0 to 5 with 1 being 'Strongly Disagree' and 5 being 'Strongly Agree,' how would you rate [candidate's name] on the following items.",Actively seeks personal development opportunities.,0,"Strongly Disagree
",1,"Somewhat Disagree
",2,"Mildly Disagree
",3,"Mildly Agree
",4,"Somewhat Agree
",5,"Strongly Agree
",,,,,,,,,
Achieves Excellence,Develops Talent,Other Rater Items,30,91,"On a scale of 0 to 5 with 1 being 'Strongly Disagree' and 5 being 'Strongly Agree,' how would you rate [candidate's name] on the following items.",Consistently invests in the development of others (formal or informal),0,"Strongly Disagree
",1,"Somewhat Disagree
",2,"Mildly Disagree
",3,"Mildly Agree
",4,"Somewhat Agree
",5,"Strongly Agree
",,,,,,,,,
Achieves Excellence,Evolves With Technology,Personality Question,10,92,“Which of the following descriptions best represents you?”,,0,I am always hesitant about new ideas,1,I am somewhat hesitant about new ideas,2,I am a little bit hesitant about new ideas,3,I get a little bit excited about new ideas,4,I get somewhat excited about new ideas,5,I get excited about new ideas,,,,,,,,,
Achieves Excellence,Evolves With Technology,Likert Question,21,93,“Which of the following descriptions best represents you?”,,0,Always prefer tried and tested technologies.,1,Usually prefer tried and tested technologies.,2,Occasionally prefer tried and tested technologies.,3,Occasionally like to try new technology as it emerges.,4,Usually like to try new technology as it emerges.,5,Always like to try new technology as it emerges.,,,,,,,,,
Achieves Excellence,Evolves With Technology,Self-Rated Items,31,94,"On a scale of 0 to 5 with 1 being 'Strongly Disagree' and 5 being 'Strongly Agree,' how would you rate yourself on the following item.",I effectively research and capitalize on non-traditional ways of working,0,"Strongly Disagree
",1,"Somewhat Disagree
",2,"Mildly Disagree
",3,"Mildly Agree
",4,"Somewhat Agree
",5,"Strongly Agree
",,,,,,,,,
Achieves Excellence,Evolves With Technology,Self-Rated Items,32,95,"On a scale of 0 to 5 with 1 being 'Strongly Disagree' and 5 being 'Strongly Agree,' how would you rate yourself on the following item.",I consistently experiment with new technology.,0,"Strongly Disagree
",1,"Somewhat Disagree
",2,"Mildly Disagree
",3,"Mildly Agree
",4,"Somewhat Agree
",5,"Strongly Agree
",,,,,,,,,
Achieves Excellence,Evolves With Technology,Other Rater Items,31,96,"On a scale of 0 to 5 with 1 being 'Strongly Disagree' and 5 being 'Strongly Agree,' how would you rate [candidate's name] on the following items.",Effectively researches and capitalizes on non-traditional ways of working. ,0,"Strongly Disagree
",1,"Somewhat Disagree
",2,"Mildly Disagree
",3,"Mildly Agree
",4,"Somewhat Agree
",5,"Strongly Agree
",,,,,,,,,
Achieves Excellence,Evolves With Technology,Other Rater Items,32,97,"On a scale of 0 to 5 with 1 being 'Strongly Disagree' and 5 being 'Strongly Agree,' how would you rate [candidate's name] on the following items.",Consistently experiments with new technology.,0,"Strongly Disagree
",1,"Somewhat Disagree
",2,"Mildly Disagree
",3,"Mildly Agree
",4,"Somewhat Agree
",5,"Strongly Agree
",,,,,,,,,
Achieves Excellence,Takes Ownership,Personality Question,11,98,“Which of the following descriptions best represents you?”,,0,I always have to adjust my commitments,1,I often have to adjust my commitments,2,I make adjustments to my commitments a little,3,I sometimes follow through on my commitments,4,I often follow through on my commitments,5,I always follow through on my commitments,,,,,,,,,
Achieves Excellence,Takes Ownership,Likert Question,22,99,“Which of the following descriptions best represents you?”,,0,When I am given feedback on my work I carefully interpret which to apply to my work moving forward,1,When I am given feedback on my work I will usually apply some of it where I can ,2,When I am given feedback on my work I will occasionally apply some of it where I can ,3,I occasionally seek feedback on my work and apply it when I can,4,I usually seek feedback on my work and apply it when I can,5,"I always seek feedback on my work, whether good or bad, and seek to apply it in all future endeavors",,,,,,,,,
Achieves Excellence,Takes Ownership,Self-Rated Items,33,100,"On a scale of 0 to 5 with 1 being 'Strongly Disagree' and 5 being 'Strongly Agree,' how would you rate yourself on the following item.",I consistently take full responsibility of everything under my influence.,0,"Strongly Disagree
",1,"Somewhat Disagree
",2,"Mildly Disagree
",3,"Mildly Agree
",4,"Somewhat Agree
",5,"Strongly Agree
",,,,,,,,,
Achieves Excellence,Takes Ownership,Self-Rated Items,34,101,"On a scale of 0 to 5 with 1 being 'Strongly Disagree' and 5 being 'Strongly Agree,' how would you rate yourself on the following item.",I consistently follow through on commitments.,0,"Strongly Disagree
",1,"Somewhat Disagree
",2,"Mildly Disagree
",3,"Mildly Agree
",4,"Somewhat Agree
",5,"Strongly Agree
",,,,,,,,,
Achieves Excellence,Takes Ownership,Other Rater Items,33,102,"On a scale of 0 to 5 with 1 being 'Strongly Disagree' and 5 being 'Strongly Agree,' how would you rate [candidate's name] on the following items.",Consistently takes full responsibility of everything under their influence.,0,"Strongly Disagree
",1,"Somewhat Disagree
",2,"Mildly Disagree
",3,"Mildly Agree
",4,"Somewhat Agree
",5,"Strongly Agree
",,,,,,,,,
Achieves Excellence,Takes Ownership,Other Rater Items,34,103,"On a scale of 0 to 5 with 1 being 'Strongly Disagree' and 5 being 'Strongly Agree,' how would you rate [candidate's name] on the following items.",Consistently follows through on commitments.,0,"Strongly Disagree
",1,"Somewhat Disagree
",2,"Mildly Disagree
",3,"Mildly Agree
",4,"Somewhat Agree
",5,"Strongly Agree
",,,,,,,,,
Achieves Excellence,Drives Performance and Productivity,Likert Question,23,104,“Which of the following descriptions best represents you?”,,0,Always unable to turn my plans into actions.,1,Usually unable to turn my plans into actions.,2,Occasionally unable to turn my plans into actions.,3,Occasionally able to turn my plans into actions.,4,Usually able to turn my plans into actions.,5,Always able to turn my plans into actions.,,,,,,,,,
Achieves Excellence,Drives Performance and Productivity,Likert Question,24,105,“Which of the following descriptions best represents you?”,,0,Never set high standards for myself and others.,1,Generally don't set high standards for myself and others.,2,Occasionally don't set high standards for myself and others.,3,Occasionally set high standards for myself and others.,4,Generally set high standards for myself and others.,5,Always set high standards for myself and others.,,,,,,,,,
Achieves Excellence,Drives Performance and Productivity,Self-Rated Items,35,106,"On a scale of 0 to 5 with 1 being 'Strongly Disagree' and 5 being 'Strongly Agree,' how would you rate yourself on the following item.",I effectively balance competing priorities.,0,"Strongly Disagree
",1,"Somewhat Disagree
",2,"Mildly Disagree
",3,"Mildly Agree
",4,"Somewhat Agree
",5,"Strongly Agree
",,,,,,,,,
Achieves Excellence,Drives Performance and Productivity,Self-Rated Items,36,107,"On a scale of 0 to 5 with 1 being 'Strongly Disagree' and 5 being 'Strongly Agree,' how would you rate yourself on the following item.",I consistently ensure the optimal use of resources for successful project outcomes.,0,"Strongly Disagree
",1,"Somewhat Disagree
",2,"Mildly Disagree
",3,"Mildly Agree
",4,"Somewhat Agree
",5,"Strongly Agree
",,,,,,,,,
Achieves Excellence,Drives Performance and Productivity,Other Rater Items,35,108,"On a scale of 0 to 5 with 1 being 'Strongly Disagree' and 5 being 'Strongly Agree,' how would you rate [candidate's name] on the following items.",Effectively balances competing priorities.,0,"Strongly Disagree
",1,"Somewhat Disagree
",2,"Mildly Disagree
",3,"Mildly Agree
",4,"Somewhat Agree
",5,"Strongly Agree
",,,,,,,,,
Achieves Excellence,Drives Performance and Productivity,Other Rater Items,36,109,"On a scale of 0 to 5 with 1 being 'Strongly Disagree' and 5 being 'Strongly Agree,' how would you rate [candidate's name] on the following items.",Consistently ensures the optimal use of resources for successful project outcomes.,0,"Strongly Disagree
",1,"Somewhat Disagree
",2,"Mildly Disagree
",3,"Mildly Agree
",4,"Somewhat Agree
",5,"Strongly Agree
",,,,,,,,,
Achieves Excellence,Exercises Sound Judgement/Consulting,Cognitive Assessment,2,110,"Based on the series of shapes below, which option will come next in the pattern? (refer to questions tab for more details - 2)",,0,B/C/D,,,,,,,,,5,A,,,,,,,,,
Achieves Excellence,Exercises Sound Judgement/Consulting,Situational Judgement Task,2,111,"A member of your team has come to you with a complaint against another team within your organization. According to your team member, members of this other team have 'stolen' a resource which you and your team know is critical to achieving your current deliverables. The team member advises you that they have tried to approach the leader of the other team about getting the resource back but they only received a curt brush off and instruction to 'let them do their work'. How would you proceed with this situation? ","After considering the following situation, which course of action would suit your approach best?",0,"a) Immediately escalate the issue to the division executive citing that not only does the other team need to return your resources immediately but that you are also expecting an apology to your team member for their rude treatment

OR

b) Email the other team leader telling them that you would like to know why they thought it was ok to take your resources and then treat your staff poorly

OR

d) Investigate whether there is another resource within the organisation your team can poach to achieve your outcomes without the resource that has been taken from you",1,,2,,3,e) Discuss with your team potential ways of still achieving your outcomes without the resource as going without may be an easier route than negotiating with the other team,4,,5,c) Arrange a meeting with the other team leader and have a conversation about the competing needs of the two teams regarding resources and how this can be addressed now and in the future. Also address with them their perspective on what happened with your team member,,,,,,,,,
Achieves Excellence,Exercises Sound Judgement/Consulting,Self-Rated Items,37,112,"On a scale of 0 to 5 with 1 being 'Strongly Disagree' and 5 being 'Strongly Agree,' how would you rate yourself on the following item.","I effectively balance analysis, experience and wisdom when making decisions.",0,"Strongly Disagree
",1,"Somewhat Disagree
",2,"Mildly Disagree
",3,"Mildly Agree
",4,"Somewhat Agree
",5,"Strongly Agree
",,,,,,,,,
Achieves Excellence,Exercises Sound Judgement/Consulting,Self-Rated Items,38,113,"On a scale of 0 to 5 with 1 being 'Strongly Disagree' and 5 being 'Strongly Agree,' how would you rate yourself on the following item.",I consistently make decisions that demonstrate and understanding of the bigger picture. ,0,"Strongly Disagree
",1,"Somewhat Disagree
",2,"Mildly Disagree
",3,"Mildly Agree
",4,"Somewhat Agree
",5,"Strongly Agree
",,,,,,,,,
Achieves Excellence,Exercises Sound Judgement/Consulting,Other Rater Items,37,114,"On a scale of 0 to 5 with 1 being 'Strongly Disagree' and 5 being 'Strongly Agree,' how would you rate [candidate's name] on the following items.","Effectively balances analysis, experience and wisdom when making decisions.",0,"Strongly Disagree
",1,"Somewhat Disagree
",2,"Mildly Disagree
",3,"Mildly Agree
",4,"Somewhat Agree
",5,"Strongly Agree
",,,,,,,,,
Achieves Excellence,Exercises Sound Judgement/Consulting,Other Rater Items,38,115,"On a scale of 0 to 5 with 1 being 'Strongly Disagree' and 5 being 'Strongly Agree,' how would you rate [candidate's name] on the following items.",Consistently makes decisions that demonstrate and understanding of the bigger picture. ,0,"Strongly Disagree
",1,"Somewhat Disagree
",2,"Mildly Disagree
",3,"Mildly Agree
",4,"Somewhat Agree
",5,"Strongly Agree
",,,,,,,,,
Limits Risk,Scans for Political and Internal Impacts,Likert Question,25,116,“Which of the following descriptions best represents you?”,,0,Always unable to predict the political impacts of my actions. ,1,Generally unable to predict the political impacts of my actions. ,2,Occasionally unable to predict the political impacts of my actions. ,3,Occasionally able to predict the political impacts of my actions. ,4,Generally able to predict the political impacts of my actions. ,5,Always able to predict the political impacts of my actions. ,,,,,,,,,
Limits Risk,Scans for Political and Internal Impacts,Likert Question,26,117,“Which of the following descriptions best represents you?”,,0,Always unable to predict the positive and negative consequences of my actions.,1,Generally unable to predict the positive and negative consequences of my actions.,2,Occasionally unable to predict the positive and negative consequences of my actions.,3,Occasionally able to predict the positive and negative consequences of my actions.,4,Generally able to predict the positive and negative consequences of my actions.,5,Always able to predict the positive and negative consequences of my actions.,,,,,,,,,
Limits Risk,Scans for Political and Internal Impacts,Self-Rated Items,39,118,"On a scale of 0 to 5 with 1 being 'Strongly Disagree' and 5 being 'Strongly Agree,' how would you rate yourself on the following item.","I demonstrate an effective understanding of political, social and economic factors when dealing with complex situations.",0,"Strongly Disagree
",1,"Somewhat Disagree
",2,"Mildly Disagree
",3,"Mildly Agree
",4,"Somewhat Agree
",5,"Strongly Agree
",,,,,,,,,
Limits Risk,Scans for Political and Internal Impacts,Self-Rated Items,40,119,"On a scale of 0 to 5 with 1 being 'Strongly Disagree' and 5 being 'Strongly Agree,' how would you rate yourself on the following item.",I effectively anticipate positive and negative outcomes of complex situations. ,0,"Strongly Disagree
",1,"Somewhat Disagree
",2,"Mildly Disagree
",3,"Mildly Agree
",4,"Somewhat Agree
",5,"Strongly Agree
",,,,,,,,,
Limits Risk,Scans for Political and Internal Impacts,Other Rater Items,39,120,"On a scale of 0 to 5 with 1 being 'Strongly Disagree' and 5 being 'Strongly Agree,' how would you rate [candidate's name] on the following items.","Demonstrates an effective understanding of political, social and economic factors when dealing with complex situations.",0,"Strongly Disagree
",1,"Somewhat Disagree
",2,"Mildly Disagree
",3,"Mildly Agree
",4,"Somewhat Agree
",5,"Strongly Agree
",,,,,,,,,
Limits Risk,Scans for Political and Internal Impacts,Other Rater Items,40,121,"On a scale of 0 to 5 with 1 being 'Strongly Disagree' and 5 being 'Strongly Agree,' how would you rate [candidate's name] on the following items.",Effectively anticipates positive and negative outcomes of complex situations. ,0,"Strongly Disagree
",1,"Somewhat Disagree
",2,"Mildly Disagree
",3,"Mildly Agree
",4,"Somewhat Agree
",5,"Strongly Agree
",,,,,,,,,
Limits Risk,Manages Risk,Situational Judgement Task,3,122,During todays team meeting your boss has announced that your team will now be using a drastically new process and system for handling confidential client files. You have all been given one weeks notice to adjust to this change and familiarize with the new systems before the complete transition over is expected. How would you utilize this time best?,"After considering the following situation, which course of action would suit your approach best?",0,a) Make the most of your last week using the old system to get as much done as possible in anticipation that things will be slower for a period after the new system comes into place.,1,,2,"b) Dedicate as much time as possible, without losing productivity on your workload, on learning how to best use the new systems.

OR

c) Schedule time with the team and the boss to understand why the new systems are important and being implemented. You want to create buy in before it comes into place to make sure everyone is on board. ",3,,4,d) Spend time actively critiquing the new system to look for potential risks and negative impacts this could have on your team and your productivity. Bring these to the attention of your boss as a reason to delay the system implementation until these can be mitigated enough to not impact heavily on productivity.,5,"e) Schedule time with your team to evaluate and review the system for potential problems and potential strengths or the program and your team. As a team, work together to create a plan to handle delays or negative impacts as they arise.",,,,,,,,,
Limits Risk,Manages Risk,Personality Question,12,123,“Which of the following descriptions best represents you?”,,0,"I always make very quick decisions, even if I do not have all of the information",1,"I often make very quick decisions, even if I do not have all of the information",2,"I can sometimes make very quick decisions, even if I do not have all of the necessary information",3,"I can sometimes ensure I have all of the necessary information, and take time before making decisions.",4,"I often ensure I have all of the necessary information, and take time before making decisions.",5,"I always ensure I have all of the necessary information, and take time before making decisions.",,,,,,,,,
Limits Risk,Manages Risk,Self-Rated Items,41,124,"On a scale of 0 to 5 with 1 being 'Strongly Disagree' and 5 being 'Strongly Agree,' how would you rate yourself on the following item.",I effectively identify processes/measures to mitigate risk while still striving to attain objectives.,0,"Strongly Disagree
",1,"Somewhat Disagree
",2,"Mildly Disagree
",3,"Mildly Agree
",4,"Somewhat Agree
",5,"Strongly Agree
",,,,,,,,,
Limits Risk,Manages Risk,Self-Rated Items,42,125,"On a scale of 0 to 5 with 1 being 'Strongly Disagree' and 5 being 'Strongly Agree,' how would you rate yourself on the following item.",I accurately evaluate risk potential.,0,"Strongly Disagree
",1,"Somewhat Disagree
",2,"Mildly Disagree
",3,"Mildly Agree
",4,"Somewhat Agree
",5,"Strongly Agree
",,,,,,,,,
Limits Risk,Manages Risk,Other Rater Items,41,126,"On a scale of 0 to 5 with 1 being 'Strongly Disagree' and 5 being 'Strongly Agree,' how would you rate [candidate's name] on the following items.",Effectively identifies processes/measures to mitigate risk while still striving to attain objectives.,0,"Strongly Disagree
",1,"Somewhat Disagree
",2,"Mildly Disagree
",3,"Mildly Agree
",4,"Somewhat Agree
",5,"Strongly Agree
",,,,,,,,,
Limits Risk,Manages Risk,Other Rater Items,42,127,"On a scale of 0 to 5 with 1 being 'Strongly Disagree' and 5 being 'Strongly Agree,' how would you rate [candidate's name] on the following items.",Accurately evaluates risk potential.,0,"Strongly Disagree
",1,"Somewhat Disagree
",2,"Mildly Disagree
",3,"Mildly Agree
",4,"Somewhat Agree
",5,"Strongly Agree
",,,,,,,,,
Limits Risk,Reasons critically and solves problems,Cognitive Assessment,3,128,Consider the problem below and select the correct answer (refer to questions tab for more details - 3),,0,A/C/D/E,1,,2,,3,,4,,5,B,,,,,,,,,
Limits Risk,Reasons critically and solves problems,Situational Judgement Task,4,129,"A client has come to you requiring an urgent intervention for a conflict and communication issue amongst their middle management team. The problems have been going on for some time but has recently escalated to become a serious issue with employees threatening to take industrial or legal action if it is not resolved quickly. Given the pressing nature and seriousness of the problem, how would you choose to approach it?","After considering the following situation, which course of action would suit your approach best?",,"a) The organisation has already given you information on what the main issues are so you pull out an existing intervention strategy that has had great success many times before in similar situations. This allows you to be able to address the issue before it can get any worse while being confident that you are using a tried and true approach.

OR

b) Given that the organisation has given you some information and there is a crucial time constraint, you look through previous interventions your company has used and pick one that has worked best in similar situations.",1,,2,,3,,4,"c) Feeling that it would be better to gain a bit more information before deciding on an approach, you quickly arrange for times to go in and speak to the relevant people involved and review essential records of events. Utilise this fresh information to adapt existing interventions to fit the current crisis.

OR

d) Spend some time making yourself aware of the current trends and research in the area and how this is being applied to conflict and communication. Using this data and the information given to you by the client, create a new intervention to suit their needs.",5,"e) Given the time restrictions, divide your team to be able to cover current trends in industrial action and outcomes, research, and position of other organisations, as well as getting more information from the involved individuals within the client organisation. Consolidate this information to provide a highly personalised strategy for your client. ",,,,,,,,,
Limits Risk,Reasons critically and solves problems,Self-Rated Items,43,130,"On a scale of 0 to 5 with 1 being 'Strongly Disagree' and 5 being 'Strongly Agree,' how would you rate yourself on the following item.","I consistently survey all possible solutions, looking beyond the obvious, to identify the best solution.",0,"Strongly Disagree
",1,"Somewhat Disagree
",2,"Mildly Disagree
",3,"Mildly Agree
",4,"Somewhat Agree
",5,"Strongly Agree
",,,,,,,,,
Limits Risk,Reasons critically and solves problems,Self-Rated Items,44,131,"On a scale of 0 to 5 with 1 being 'Strongly Disagree' and 5 being 'Strongly Agree,' how would you rate yourself on the following item.",I effectively conduct qualitative analyses to understand problems.,0,"Strongly Disagree
",1,"Somewhat Disagree
",2,"Mildly Disagree
",3,"Mildly Agree
",4,"Somewhat Agree
",5,"Strongly Agree
",,,,,,,,,
Limits Risk,Reasons critically and solves problems,Other Rater Items,43,132,"On a scale of 0 to 5 with 1 being 'Strongly Disagree' and 5 being 'Strongly Agree,' how would you rate [candidate's name] on the following items.","Consistently surveys all possible solutions, looking beyond the obvious, to identify the best solution.",0,"Strongly Disagree
",1,"Somewhat Disagree
",2,"Mildly Disagree
",3,"Mildly Agree
",4,"Somewhat Agree
",5,"Strongly Agree
",,,,,,,,,
Limits Risk,Reasons critically and solves problems,Other Rater Items,44,133,"On a scale of 0 to 5 with 1 being 'Strongly Disagree' and 5 being 'Strongly Agree,' how would you rate [candidate's name] on the following items.",Effectively conducts qualitative analyses to understand problems.,0,"Strongly Disagree
",1,"Somewhat Disagree
",2,"Mildly Disagree
",3,"Mildly Agree
",4,"Somewhat Agree
",5,"Strongly Agree
",,,,,,,,,
Limits Risk,Establishes governance,Likert Question,26,134,“Which of the following descriptions best represents you?”,,0,Always rely on others to set up internal mechanisms to increase accountability.,1,Generally rely on others to set up internal mechanisms to increase accountability.,2,Occasionally rely on others to set up internal mechanisms to increase accountability.,3,Occasionally look to set up internal mechanisms to increase accountability.,,Generally look to set up internal mechanisms to increase accountability.,5,Always look to set up internal mechanisms to increase accountability.,,,,,,,,,
Limits Risk,Establishes governance,Situational Judgement Task,5,135,"After an organizational restructure, you are placed in charge of a medium-sized department. After your first week, an employee approaches you accusing your predecessor of playing favourites when it comes to salary reviews. After reviewing the performance data of the employees who did and didn't receive salary increased, you notice that some of those who received increases were not high performers, while others were. What approach would you take to ensure this issue does not occur again?","After considering the following situation, which course of action would suit your approach best?",0,b) Reduce the salaries of those who were not high performers to ensure only high performers are rewarded.,1,"d) Make a note to yourself for the next salary review that the low performers will not receive an increase, and ensure that the high performers are appropriately rewarded at the next salary review",2,e) Engage an external consultancy to conduct a comprehensive salary review of all staff in order to inform your decision making at the next salary review.,3,,4,"c) Notify staff that salaries will be based purely on performance in the future, redistribute the organisation's competency framework to ensure everyone understands what high performance looks like",5,"a) Develop a salary banding against the organization's competency framework, with levels of salary aligned to desired behaviours. Publicise this framework and levels while redesigning the salary review process to align with the framework",,,,,,,,,
Limits Risk,Establishes governance,Self-Rated Items,45,136,"On a scale of 0 to 5 with 1 being 'Strongly Disagree' and 5 being 'Strongly Agree,' how would you rate yourself on the following item.",I effectively establish governance mechanisms to ensure accountability.,0,"Strongly Disagree
",1,"Somewhat Disagree
",2,"Mildly Disagree
",3,"Mildly Agree
",4,"Somewhat Agree
",5,"Strongly Agree
",,,,,,,,,
Limits Risk,Establishes governance,Self-Rated Items,46,137,"On a scale of 0 to 5 with 1 being 'Strongly Disagree' and 5 being 'Strongly Agree,' how would you rate yourself on the following item.",I effectively establish governance mechanisms to ensure transparency.,0,"Strongly Disagree
",1,"Somewhat Disagree
",2,"Mildly Disagree
",3,"Mildly Agree
",4,"Somewhat Agree
",5,"Strongly Agree
",,,,,,,,,
Limits Risk,Establishes governance,Other Rater Items,45,138,"On a scale of 0 to 5 with 1 being 'Strongly Disagree' and 5 being 'Strongly Agree,' how would you rate [candidate's name] on the following items.",Effectively establishes governance mechanisms to ensure accountability.,0,"Strongly Disagree
",1,"Somewhat Disagree
",2,"Mildly Disagree
",3,"Mildly Agree
",4,"Somewhat Agree
",5,"Strongly Agree
",,,,,,,,,
Limits Risk,Establishes governance,Other Rater Items,46,139,"On a scale of 0 to 5 with 1 being 'Strongly Disagree' and 5 being 'Strongly Agree,' how would you rate [candidate's name] on the following items.",Effectively establishes governance mechanisms to ensure transparency.,0,"Strongly Disagree
",1,"Somewhat Disagree
",2,"Mildly Disagree
",3,"Mildly Agree
",4,"Somewhat Agree
",5,"Strongly Agree
",,,,,,,,,